パスワード,暗号化されたパスワード
c2DvCtyA,$2a$12$8vZOLP6s.0jcZTXjS2YKvuhgQV2xd/5MFDjNb6i.4G2Og9b2vw5tu
kD4uAisx,$2a$12$W42DT6rLxwtlnAC5objRKOSmRl43T2FNw/Dx/nOoyQhBMVhP.2Yga
Q5tp8a3M,$2a$12$fWM9rC8BjNTLsq4n3eqpkO0t1KnrYu6j0wBMgDmkMnd8OBVbrgFAq
Ev37nc6X,$2a$12$fbwEzXG5aIHrrUFnmnPBY.zSO3IY/6mKP/qthW3OTC4sGBcHBwjyO
h9GZfCB2,$2a$12$ivXh3cyhpN0MgqF3FfXRG.1m7dFE6zqOk748yZNlv9WFuc57oXy2m
xX4dHVUc,$2a$12$C14lPlZIUy72uLXwWzDPSOUW4SwUGnqu4slC/DBz/83QznW9tHwUS
g4SQWzmY,$2a$12$59HPLJ41EoFsYLtlTizai.SZL3occM0hmbZTh8GnoDPHpl.EnbsLS
E3zb2hHS,$2a$12$a78K5sbu1b4Yy6IDSWFBHu9bh3Rp/OTwEGz4kJVDCWKEvBRBwyne2
r4ZLYn78,$2a$12$56hbm/zgztu0RS6C4O.vt.LUPiFIEpcXv7tIFUDBpIiFoVwTZeGXi
rR3GaKbA,$2a$12$3QAcAzFwV/kMRxotH07Iiutd/h5zSntOWpOV017P7LtpM.FsH1R3m